df_preOper,df_preOper,df_preOper,df_preOper,df_preOper,df_preOper
Date,Observation Type,Nobs,Jo,Jo/n,Iter
2025-09-30 06:00:00,Jo Global,0,0.0,,OMF
2025-09-30 06:00:00,Jo Global,0,0.0,,OMF
2025-09-30 06:00:00,Jo Global,0,0.0,,OMF
2025-09-30 06:00:00,Jo Global,0,0.0,,OMF (1st INNER LOOP)
2025-09-30 06:00:00,Jo Global,0,0.0,,OMF (1st INNER LOOP)
2025-09-30 06:00:00,Jo Global,0,0.0,,OMF (1st INNER LOOP)
2025-09-30 06:00:00,Jo Global,0,0.0,,OMF (2nd INNER LOOP)
2025-09-30 12:00:00,Jo Global,0,0.0,,OMF
2025-09-30 12:00:00,Jo Global,0,0.0,,OMF
2025-09-30 12:00:00,Jo Global,0,0.0,,OMF
2025-09-30 12:00:00,Jo Global,0,0.0,,OMF (1st INNER LOOP)
2025-09-30 12:00:00,Jo Global,0,0.0,,OMF (1st INNER LOOP)
2025-09-30 12:00:00,Jo Global,0,0.0,,OMF (1st INNER LOOP)
2025-09-30 12:00:00,Jo Global,0,0.0,,OMF (2nd INNER LOOP)
2025-09-30 18:00:00,Jo Global,0,0.0,,OMF
2025-09-30 18:00:00,Jo Global,0,0.0,,OMF
2025-09-30 18:00:00,Jo Global,0,0.0,,OMF
2025-09-30 18:00:00,Jo Global,0,0.0,,OMF (1st INNER LOOP)
2025-09-30 18:00:00,Jo Global,0,0.0,,OMF (1st INNER LOOP)
2025-09-30 18:00:00,Jo Global,0,0.0,,OMF (1st INNER LOOP)
2025-09-30 18:00:00,Jo Global,0,0.0,,OMF (2nd INNER LOOP)
2025-10-01 00:00:00,Jo Global,0,0.0,,OMF
2025-10-01 00:00:00,Jo Global,0,0.0,,OMF
2025-10-01 00:00:00,Jo Global,0,0.0,,OMF
2025-10-01 00:00:00,Jo Global,0,0.0,,OMF (1st INNER LOOP)
2025-10-01 00:00:00,Jo Global,0,0.0,,OMF (1st INNER LOOP)
2025-10-01 00:00:00,Jo Global,0,0.0,,OMF (1st INNER LOOP)
2025-10-01 00:00:00,Jo Global,0,0.0,,OMF (2nd INNER LOOP)
2025-10-01 06:00:00,Jo Global,0,0.0,,OMF
2025-10-01 06:00:00,Jo Global,0,0.0,,OMF
2025-10-01 06:00:00,Jo Global,0,0.0,,OMF
2025-10-01 06:00:00,Jo Global,0,0.0,,OMF (1st INNER LOOP)
2025-10-01 06:00:00,Jo Global,0,0.0,,OMF (1st INNER LOOP)
2025-10-01 06:00:00,Jo Global,0,0.0,,OMF (1st INNER LOOP)
2025-10-01 06:00:00,Jo Global,0,0.0,,OMF (2nd INNER LOOP)
2025-10-01 12:00:00,Jo Global,0,0.0,,OMF
2025-10-01 12:00:00,Jo Global,0,0.0,,OMF
2025-10-01 12:00:00,Jo Global,0,0.0,,OMF
2025-10-01 12:00:00,Jo Global,0,0.0,,OMF (1st INNER LOOP)
2025-10-01 12:00:00,Jo Global,0,0.0,,OMF (1st INNER LOOP)
2025-10-01 12:00:00,Jo Global,0,0.0,,OMF (1st INNER LOOP)
2025-10-01 12:00:00,Jo Global,0,0.0,,OMF (2nd INNER LOOP)
2025-10-01 18:00:00,Jo Global,0,0.0,,OMF
2025-10-01 18:00:00,Jo Global,0,0.0,,OMF
2025-10-01 18:00:00,Jo Global,0,0.0,,OMF
2025-10-01 18:00:00,Jo Global,0,0.0,,OMF (1st INNER LOOP)
2025-10-01 18:00:00,Jo Global,0,0.0,,OMF (1st INNER LOOP)
2025-10-01 18:00:00,Jo Global,0,0.0,,OMF (1st INNER LOOP)
2025-10-01 18:00:00,Jo Global,0,0.0,,OMF (2nd INNER LOOP)
2025-10-02 00:00:00,Jo Global,0,0.0,,OMF
2025-10-02 00:00:00,Jo Global,0,0.0,,OMF
2025-10-02 00:00:00,Jo Global,0,0.0,,OMF
2025-10-02 00:00:00,Jo Global,0,0.0,,OMF (1st INNER LOOP)
2025-10-02 00:00:00,Jo Global,0,0.0,,OMF (1st INNER LOOP)
2025-10-02 00:00:00,Jo Global,0,0.0,,OMF (1st INNER LOOP)
2025-10-02 00:00:00,Jo Global,0,0.0,,OMF (2nd INNER LOOP)
2025-10-02 06:00:00,Jo Global,0,0.0,,OMF
2025-10-02 06:00:00,Jo Global,0,0.0,,OMF
2025-10-02 06:00:00,Jo Global,0,0.0,,OMF
2025-10-02 06:00:00,Jo Global,0,0.0,,OMF (1st INNER LOOP)
2025-10-02 06:00:00,Jo Global,0,0.0,,OMF (1st INNER LOOP)
2025-10-02 06:00:00,Jo Global,0,0.0,,OMF (1st INNER LOOP)
2025-10-02 06:00:00,Jo Global,0,0.0,,OMF (2nd INNER LOOP)
2025-10-02 12:00:00,Jo Global,0,0.0,,OMF
2025-10-02 12:00:00,Jo Global,0,0.0,,OMF
2025-10-02 12:00:00,Jo Global,0,0.0,,OMF
2025-10-02 12:00:00,Jo Global,0,0.0,,OMF (1st INNER LOOP)
2025-10-02 12:00:00,Jo Global,0,0.0,,OMF (1st INNER LOOP)
2025-10-02 12:00:00,Jo Global,0,0.0,,OMF (1st INNER LOOP)
2025-10-02 12:00:00,Jo Global,0,0.0,,OMF (2nd INNER LOOP)
2025-10-02 18:00:00,Jo Global,0,0.0,,OMF
2025-10-02 18:00:00,Jo Global,0,0.0,,OMF
2025-10-02 18:00:00,Jo Global,0,0.0,,OMF
2025-10-02 18:00:00,Jo Global,0,0.0,,OMF (1st INNER LOOP)
2025-10-02 18:00:00,Jo Global,0,0.0,,OMF (1st INNER LOOP)
2025-10-02 18:00:00,Jo Global,0,0.0,,OMF (1st INNER LOOP)
2025-10-02 18:00:00,Jo Global,0,0.0,,OMF (2nd INNER LOOP)
2025-10-03 00:00:00,Jo Global,0,0.0,,OMF
2025-10-03 00:00:00,Jo Global,0,0.0,,OMF
2025-10-03 00:00:00,Jo Global,0,0.0,,OMF
2025-10-03 00:00:00,Jo Global,0,0.0,,OMF (1st INNER LOOP)
2025-10-03 00:00:00,Jo Global,0,0.0,,OMF (1st INNER LOOP)
2025-10-03 00:00:00,Jo Global,0,0.0,,OMF (1st INNER LOOP)
2025-10-03 00:00:00,Jo Global,0,0.0,,OMF (2nd INNER LOOP)
2025-10-03 06:00:00,Jo Global,0,0.0,,OMF
2025-10-03 06:00:00,Jo Global,0,0.0,,OMF
2025-10-03 06:00:00,Jo Global,0,0.0,,OMF
2025-10-03 06:00:00,Jo Global,0,0.0,,OMF (1st INNER LOOP)
2025-10-03 06:00:00,Jo Global,0,0.0,,OMF (1st INNER LOOP)
2025-10-03 06:00:00,Jo Global,0,0.0,,OMF (1st INNER LOOP)
2025-10-03 06:00:00,Jo Global,0,0.0,,OMF (2nd INNER LOOP)
2025-10-03 12:00:00,surface pressure,75662,92380.16714738055,1.221,OMF
2025-10-03 12:00:00,temperature,94395,637910.8177915901,6.758,OMF
2025-10-03 12:00:00,wind,251112,961664.2328715341,3.83,OMF
2025-10-03 12:00:00,moisture,41930,107512.75466552716,2.564,OMF
2025-10-03 12:00:00,gps,238029,999953.7197158328,4.201,OMF
2025-10-03 12:00:00,Jo Global,701128,2799421.692191865,3.993,OMF
2025-10-03 12:00:00,surface pressure,75662,92380.16714738055,1.221,OMF (1st INNER LOOP)
2025-10-03 12:00:00,temperature,94395,637910.8177915901,6.758,OMF (1st INNER LOOP)
2025-10-03 12:00:00,wind,251112,961664.2328715341,3.83,OMF (1st INNER LOOP)
2025-10-03 12:00:00,moisture,41930,107512.75466552716,2.564,OMF (1st INNER LOOP)
2025-10-03 12:00:00,gps,238029,999953.7197158328,4.201,OMF (1st INNER LOOP)
2025-10-03 12:00:00,Jo Global,701128,2799421.692191865,3.993,OMF (1st INNER LOOP)
2025-10-03 12:00:00,surface pressure,75662,14083.68331525841,0.186,OMF (1st INNER LOOP)
2025-10-03 12:00:00,temperature,94395,47079.01206455043,0.499,OMF (2nd INNER LOOP)
2025-10-03 12:00:00,wind,251112,130076.01028537285,0.518,OMF (2nd INNER LOOP)
2025-10-03 12:00:00,moisture,41930,19857.03191161998,0.474,OMF (2nd INNER LOOP)
2025-10-03 12:00:00,gps,238029,250480.8395945025,1.052,OMF (2nd INNER LOOP)
2025-10-03 12:00:00,Jo Global,701128,461576.57717130415,0.658,OMF (2nd INNER LOOP)
2025-10-03 12:00:00,surface pressure,103585,63391.80926290016,0.612,OMF (2nd INNER LOOP)
2025-10-03 12:00:00,temperature,96470,77828.55636975064,0.807,OMF (2nd INNER LOOP)
2025-10-03 12:00:00,wind,273126,235769.95398914505,0.863,OMA (AFTER 1st OUTER LOOP)
2025-10-03 12:00:00,moisture,41990,17415.009524119836,0.415,OMA (AFTER 1st OUTER LOOP)
2025-10-03 12:00:00,gps,256650,373017.46469743643,1.453,OMA (AFTER 1st OUTER LOOP)
2025-10-03 12:00:00,Jo Global,771821,767422.7938433521,0.994,OMA (AFTER 1st OUTER LOOP)
2025-10-03 12:00:00,surface pressure,103585,63391.80926290016,0.612,OMA (AFTER 1st OUTER LOOP)
2025-10-03 12:00:00,temperature,96470,77828.55636975064,0.807,OMA (AFTER 1st OUTER LOOP)
2025-10-03 12:00:00,wind,273126,235769.95398914505,0.863,OMA (AFTER 1st OUTER LOOP)
2025-10-03 12:00:00,moisture,41990,17415.009524119836,0.415,OMA (1st INNER LOOP)
2025-10-03 12:00:00,gps,256650,373017.46469743643,1.453,OMA (1st INNER LOOP)
2025-10-03 12:00:00,Jo Global,771821,767422.7938433521,0.994,OMA (1st INNER LOOP)
2025-10-03 12:00:00,surface pressure,103585,22886.957744491792,0.221,OMA (1st INNER LOOP)
2025-10-03 12:00:00,temperature,96470,50406.97287644305,0.523,OMA (1st INNER LOOP)
2025-10-03 12:00:00,wind,273126,172979.03546485186,0.633,OMA (1st INNER LOOP)
2025-10-03 12:00:00,moisture,41990,17022.417441887403,0.405,OMA (1st INNER LOOP)
2025-10-03 12:00:00,gps,256650,283735.55781186564,1.106,OMA (2nd INNER LOOP)
2025-10-03 12:00:00,Jo Global,771821,547030.9413395397,0.709,OMA (2nd INNER LOOP)
2025-10-03 12:00:00,surface pressure,111859,42123.043849870366,0.377,OMA (2nd INNER LOOP)
2025-10-03 12:00:00,temperature,96472,50362.01066585467,0.522,OMA (2nd INNER LOOP)
2025-10-03 12:00:00,wind,274602,177958.35685829612,0.648,OMA (2nd INNER LOOP)
2025-10-03 12:00:00,moisture,41989,16237.00077926173,0.387,OMA (2nd INNER LOOP)
2025-10-03 12:00:00,gps,261368,319908.231829598,1.224,OMA (2nd INNER LOOP)
2025-10-03 12:00:00,Jo Global,786290,606588.6439828809,0.771,OMA (AFTER 2nd OUTER LOOP)
2025-10-03 18:00:00,surface pressure,101453,85349.23265622035,0.841,OMF
2025-10-03 18:00:00,temperature,29258,12074.801480019894,0.413,OMF
2025-10-03 18:00:00,wind,140802,74406.67786256745,0.528,OMF
2025-10-03 18:00:00,moisture,14376,5466.888553352131,0.38,OMF
2025-10-03 18:00:00,gps,235892,667860.8826779007,2.831,OMF
2025-10-03 18:00:00,Jo Global,521781,845158.4832300605,1.62,OMF
2025-10-03 18:00:00,surface pressure,101453,85349.23265622035,0.841,OMF (1st INNER LOOP)
2025-10-03 18:00:00,temperature,29258,12074.801480019894,0.413,OMF (1st INNER LOOP)
2025-10-03 18:00:00,wind,140802,74406.67786256745,0.528,OMF (1st INNER LOOP)
2025-10-03 18:00:00,moisture,14376,5466.888553352131,0.38,OMF (1st INNER LOOP)
2025-10-03 18:00:00,gps,235892,667860.8826779007,2.831,OMF (1st INNER LOOP)
2025-10-03 18:00:00,Jo Global,521781,845158.4832300605,1.62,OMF (1st INNER LOOP)
2025-10-03 18:00:00,surface pressure,101453,17395.58924318881,0.171,OMF (1st INNER LOOP)
2025-10-03 18:00:00,temperature,29258,4658.610179620216,0.159,OMF (2nd INNER LOOP)
2025-10-03 18:00:00,wind,140802,32256.28932226263,0.229,OMF (2nd INNER LOOP)
2025-10-03 18:00:00,moisture,14376,1776.4749294908231,0.124,OMF (2nd INNER LOOP)
2025-10-03 18:00:00,gps,235892,271623.19011243916,1.151,OMF (2nd INNER LOOP)
2025-10-03 18:00:00,Jo Global,521781,327710.1537870017,0.628,OMF (2nd INNER LOOP)
2025-10-03 18:00:00,surface pressure,109363,32943.83727279122,0.301,OMF (2nd INNER LOOP)
2025-10-03 18:00:00,temperature,29260,4599.059700274984,0.157,OMF (2nd INNER LOOP)
2025-10-03 18:00:00,wind,142340,36760.6445273181,0.258,OMA (AFTER 1st OUTER LOOP)
2025-10-03 18:00:00,moisture,14378,2525.1483975754086,0.176,OMA (AFTER 1st OUTER LOOP)
2025-10-03 18:00:00,gps,244338,329012.9238411329,1.347,OMA (AFTER 1st OUTER LOOP)
2025-10-03 18:00:00,Jo Global,539679,405841.6137390926,0.752,OMA (AFTER 1st OUTER LOOP)
2025-10-03 18:00:00,surface pressure,109363,32943.83727279122,0.301,OMA (AFTER 1st OUTER LOOP)
2025-10-03 18:00:00,temperature,29260,4599.059700274984,0.157,OMA (AFTER 1st OUTER LOOP)
2025-10-03 18:00:00,wind,142340,36760.6445273181,0.258,OMA (AFTER 1st OUTER LOOP)
2025-10-03 18:00:00,moisture,14378,2525.1483975754086,0.176,OMA (1st INNER LOOP)
2025-10-03 18:00:00,gps,244338,329012.9238411329,1.347,OMA (1st INNER LOOP)
2025-10-03 18:00:00,Jo Global,539679,405841.6137390926,0.752,OMA (1st INNER LOOP)
2025-10-03 18:00:00,surface pressure,109363,22667.110454650283,0.207,OMA (1st INNER LOOP)
2025-10-03 18:00:00,temperature,29260,4545.373979111897,0.155,OMA (1st INNER LOOP)
2025-10-03 18:00:00,wind,142340,36478.66001243713,0.256,OMA (1st INNER LOOP)
2025-10-03 18:00:00,moisture,14378,2927.5865061159543,0.204,OMA (1st INNER LOOP)
2025-10-03 18:00:00,gps,244338,291448.7291083798,1.193,OMA (2nd INNER LOOP)
2025-10-03 18:00:00,Jo Global,539679,358067.46006069507,0.663,OMA (2nd INNER LOOP)
2025-10-03 18:00:00,surface pressure,110878,27558.849541704294,0.249,OMA (2nd INNER LOOP)
2025-10-03 18:00:00,temperature,29260,4564.532068974379,0.156,OMA (2nd INNER LOOP)
2025-10-03 18:00:00,wind,142332,35487.444789737536,0.249,OMA (2nd INNER LOOP)
2025-10-03 18:00:00,moisture,14378,2871.646779566587,0.2,OMA (2nd INNER LOOP)
2025-10-03 18:00:00,gps,246960,307112.60595078784,1.244,OMA (2nd INNER LOOP)
2025-10-03 18:00:00,Jo Global,543808,377595.07913077064,0.694,OMA (AFTER 2nd OUTER LOOP)
2025-10-04 00:00:00,surface pressure,104542,58798.20358112983,0.562,OMF
2025-10-04 00:00:00,temperature,101162,123755.99233000312,1.223,OMF
2025-10-04 00:00:00,wind,292398,356137.7346784822,1.218,OMF
2025-10-04 00:00:00,moisture,43233,25285.97741183647,0.585,OMF
2025-10-04 00:00:00,gps,221256,664085.324654626,3.001,OMF
2025-10-04 00:00:00,Jo Global,762591,1228063.2326560775,1.61,OMF
2025-10-04 00:00:00,surface pressure,104542,58798.20358112983,0.562,OMF (1st INNER LOOP)
2025-10-04 00:00:00,temperature,101162,123755.99233000312,1.223,OMF (1st INNER LOOP)
2025-10-04 00:00:00,wind,292398,356137.7346784822,1.218,OMF (1st INNER LOOP)
2025-10-04 00:00:00,moisture,43233,25285.97741183647,0.585,OMF (1st INNER LOOP)
2025-10-04 00:00:00,gps,221256,664085.324654626,3.001,OMF (1st INNER LOOP)
2025-10-04 00:00:00,Jo Global,762591,1228063.2326560775,1.61,OMF (1st INNER LOOP)
2025-10-04 00:00:00,surface pressure,104542,15087.96641105964,0.144,OMF (1st INNER LOOP)
2025-10-04 00:00:00,temperature,101162,42569.94226824683,0.421,OMF (2nd INNER LOOP)
2025-10-04 00:00:00,wind,292398,138166.3474261856,0.473,OMF (2nd INNER LOOP)
2025-10-04 00:00:00,moisture,43233,5921.513142971155,0.137,OMF (2nd INNER LOOP)
2025-10-04 00:00:00,gps,221256,305042.0770138717,1.379,OMF (2nd INNER LOOP)
2025-10-04 00:00:00,Jo Global,762591,506787.84626233496,0.665,OMF (2nd INNER LOOP)
2025-10-04 00:00:00,surface pressure,107394,20859.572986924326,0.194,OMF (2nd INNER LOOP)
2025-10-04 00:00:00,temperature,101179,43151.718819253016,0.426,OMF (2nd INNER LOOP)
2025-10-04 00:00:00,wind,293652,146431.7756714036,0.499,OMA (AFTER 1st OUTER LOOP)
2025-10-04 00:00:00,moisture,43236,6138.701805464873,0.142,OMA (AFTER 1st OUTER LOOP)
2025-10-04 00:00:00,gps,229782,367120.77696082677,1.598,OMA (AFTER 1st OUTER LOOP)
2025-10-04 00:00:00,Jo Global,775243,583702.5462438726,0.753,OMA (AFTER 1st OUTER LOOP)
2025-10-04 00:00:00,surface pressure,107394,20859.572986924326,0.194,OMA (AFTER 1st OUTER LOOP)
2025-10-04 00:00:00,temperature,101179,43151.718819253016,0.426,OMA (AFTER 1st OUTER LOOP)
2025-10-04 00:00:00,wind,293652,146431.7756714036,0.499,OMA (AFTER 1st OUTER LOOP)
2025-10-04 00:00:00,moisture,43236,6138.701805464873,0.142,OMA (1st INNER LOOP)
2025-10-04 00:00:00,gps,229782,367120.77696082677,1.598,OMA (1st INNER LOOP)
2025-10-04 00:00:00,Jo Global,775243,583702.5462438726,0.753,OMA (1st INNER LOOP)
2025-10-04 00:00:00,surface pressure,107394,16866.83208756916,0.157,OMA (1st INNER LOOP)
2025-10-04 00:00:00,temperature,101179,43099.78062981638,0.426,OMA (1st INNER LOOP)
2025-10-04 00:00:00,wind,293652,146704.375498681,0.5,OMA (1st INNER LOOP)
2025-10-04 00:00:00,moisture,43236,5853.6142747343565,0.135,OMA (1st INNER LOOP)
2025-10-04 00:00:00,gps,229782,326682.3172645247,1.422,OMA (2nd INNER LOOP)
2025-10-04 00:00:00,Jo Global,775243,539206.9197553257,0.696,OMA (2nd INNER LOOP)
2025-10-04 00:00:00,surface pressure,107889,17675.51500378763,0.164,OMA (2nd INNER LOOP)
2025-10-04 00:00:00,temperature,101179,43153.26905401237,0.427,OMA (2nd INNER LOOP)
2025-10-04 00:00:00,wind,293798,145894.75608931048,0.497,OMA (2nd INNER LOOP)
2025-10-04 00:00:00,moisture,43236,5887.315829723426,0.136,OMA (2nd INNER LOOP)
2025-10-04 00:00:00,gps,232229,344164.8750492126,1.482,OMA (2nd INNER LOOP)
2025-10-04 00:00:00,Jo Global,778331,556775.7310260464,0.715,OMA (AFTER 2nd OUTER LOOP)
2025-10-04 06:00:00,surface pressure,109328,51548.837016018406,0.472,OMF
2025-10-04 06:00:00,temperature,28553,8144.785530394004,0.285,OMF
2025-10-04 06:00:00,wind,124952,61827.86444899994,0.495,OMF
2025-10-04 06:00:00,moisture,13603,2583.5539559199683,0.19,OMF
2025-10-04 06:00:00,gps,248656,621318.6072479034,2.499,OMF
2025-10-04 06:00:00,Jo Global,525092,745423.6481992357,1.42,OMF
2025-10-04 06:00:00,surface pressure,109328,51548.837016018406,0.472,OMF (1st INNER LOOP)
2025-10-04 06:00:00,temperature,28553,8144.785530394004,0.285,OMF (1st INNER LOOP)
2025-10-04 06:00:00,wind,124952,61827.86444899994,0.495,OMF (1st INNER LOOP)
2025-10-04 06:00:00,moisture,13603,2583.5539559199683,0.19,OMF (1st INNER LOOP)
2025-10-04 06:00:00,gps,248656,621318.6072479034,2.499,OMF (1st INNER LOOP)
2025-10-04 06:00:00,Jo Global,525092,745423.6481992357,1.42,OMF (1st INNER LOOP)
2025-10-04 06:00:00,surface pressure,109328,14109.062400881925,0.129,OMF (1st INNER LOOP)
2025-10-04 06:00:00,temperature,28553,3721.71896360102,0.13,OMF (2nd INNER LOOP)
2025-10-04 06:00:00,wind,124952,27795.461126722512,0.222,OMF (2nd INNER LOOP)
2025-10-04 06:00:00,moisture,13603,1086.1881291348045,0.08,OMF (2nd INNER LOOP)
2025-10-04 06:00:00,gps,248656,263888.7137587788,1.061,OMF (2nd INNER LOOP)
2025-10-04 06:00:00,Jo Global,525092,310601.14437911904,0.592,OMF (2nd INNER LOOP)
2025-10-04 06:00:00,surface pressure,111395,17162.508092730503,0.154,OMF (2nd INNER LOOP)
2025-10-04 06:00:00,temperature,28555,4093.8637514780394,0.143,OMF (2nd INNER LOOP)
2025-10-04 06:00:00,wind,125328,28620.060878622324,0.228,OMA (AFTER 1st OUTER LOOP)
2025-10-04 06:00:00,moisture,13603,1216.8059741996128,0.089,OMA (AFTER 1st OUTER LOOP)
2025-10-04 06:00:00,gps,256157,303828.6881161851,1.186,OMA (AFTER 1st OUTER LOOP)
2025-10-04 06:00:00,Jo Global,535038,354921.92681321554,0.663,OMA (AFTER 1st OUTER LOOP)
2025-10-04 06:00:00,surface pressure,111395,17162.508092730503,0.154,OMA (AFTER 1st OUTER LOOP)
2025-10-04 06:00:00,temperature,28555,4093.8637514780394,0.143,OMA (AFTER 1st OUTER LOOP)
2025-10-04 06:00:00,wind,125328,28620.060878622324,0.228,OMA (AFTER 1st OUTER LOOP)
2025-10-04 06:00:00,moisture,13603,1216.8059741996128,0.089,OMA (1st INNER LOOP)
2025-10-04 06:00:00,gps,256157,303828.6881161851,1.186,OMA (1st INNER LOOP)
2025-10-04 06:00:00,Jo Global,535038,354921.92681321554,0.663,OMA (1st INNER LOOP)
2025-10-04 06:00:00,surface pressure,111395,15527.112989079686,0.139,OMA (1st INNER LOOP)
2025-10-04 06:00:00,temperature,28555,4001.096253352268,0.14,OMA (1st INNER LOOP)
2025-10-04 06:00:00,wind,125328,29486.266122006862,0.235,OMA (1st INNER LOOP)
2025-10-04 06:00:00,moisture,13603,1211.3686243967952,0.089,OMA (1st INNER LOOP)
2025-10-04 06:00:00,gps,256157,279871.5785884368,1.093,OMA (2nd INNER LOOP)
2025-10-04 06:00:00,Jo Global,535038,330097.4225772724,0.617,OMA (2nd INNER LOOP)
2025-10-04 06:00:00,surface pressure,111506,15529.68435366079,0.139,OMA (2nd INNER LOOP)
2025-10-04 06:00:00,temperature,28554,3901.9260083767426,0.137,OMA (2nd INNER LOOP)
2025-10-04 06:00:00,wind,125284,29382.54725631841,0.235,OMA (2nd INNER LOOP)
2025-10-04 06:00:00,moisture,13603,1259.9501297957288,0.093,OMA (2nd INNER LOOP)
2025-10-04 06:00:00,gps,258131,291369.67761622294,1.129,OMA (2nd INNER LOOP)
2025-10-04 06:00:00,Jo Global,537078,341443.78536437463,0.636,OMA (AFTER 2nd OUTER LOOP)
2025-10-04 12:00:00,surface pressure,111945,43548.202027058,0.389,OMF
2025-10-04 12:00:00,temperature,93427,97440.24932655013,1.043,OMF
2025-10-04 12:00:00,wind,275356,279626.8173024512,1.016,OMF
2025-10-04 12:00:00,moisture,39547,18927.506995989726,0.479,OMF
2025-10-04 12:00:00,gps,244827,576532.113372382,2.355,OMF
2025-10-04 12:00:00,Jo Global,765102,1016074.889024431,1.328,OMF
2025-10-04 12:00:00,surface pressure,111945,43548.202027058,0.389,OMF (1st INNER LOOP)
2025-10-04 12:00:00,temperature,93427,97440.24932655013,1.043,OMF (1st INNER LOOP)
2025-10-04 12:00:00,wind,275356,279626.8173024512,1.016,OMF (1st INNER LOOP)
2025-10-04 12:00:00,moisture,39547,18927.506995989726,0.479,OMF (1st INNER LOOP)
2025-10-04 12:00:00,gps,244827,576532.113372382,2.355,OMF (1st INNER LOOP)
2025-10-04 12:00:00,Jo Global,765102,1016074.889024431,1.328,OMF (1st INNER LOOP)
2025-10-04 12:00:00,surface pressure,111945,14904.94841237558,0.133,OMF (1st INNER LOOP)
2025-10-04 12:00:00,temperature,93427,40674.4040959305,0.435,OMF (2nd INNER LOOP)
2025-10-04 12:00:00,wind,275356,126384.60082558492,0.459,OMF (2nd INNER LOOP)
2025-10-04 12:00:00,moisture,39547,5130.364866509726,0.13,OMF (2nd INNER LOOP)
2025-10-04 12:00:00,gps,244827,265961.59941203694,1.086,OMF (2nd INNER LOOP)
2025-10-04 12:00:00,Jo Global,765102,453055.9176124377,0.592,OMF (2nd INNER LOOP)
2025-10-04 12:00:00,surface pressure,112724,16705.796858231828,0.148,OMF (2nd INNER LOOP)
2025-10-04 12:00:00,temperature,93440,41427.73105253896,0.443,OMF (2nd INNER LOOP)
2025-10-04 12:00:00,wind,275852,129799.24710013122,0.471,OMA (AFTER 1st OUTER LOOP)
2025-10-04 12:00:00,moisture,39551,5354.852724414803,0.135,OMA (AFTER 1st OUTER LOOP)
2025-10-04 12:00:00,gps,251601,302861.89054963907,1.204,OMA (AFTER 1st OUTER LOOP)
2025-10-04 12:00:00,Jo Global,773168,496149.5182849559,0.642,OMA (AFTER 1st OUTER LOOP)
2025-10-04 12:00:00,surface pressure,112724,16705.796858231828,0.148,OMA (AFTER 1st OUTER LOOP)
2025-10-04 12:00:00,temperature,93440,41427.73105253896,0.443,OMA (AFTER 1st OUTER LOOP)
2025-10-04 12:00:00,wind,275852,129799.24710013122,0.471,OMA (AFTER 1st OUTER LOOP)
2025-10-04 12:00:00,moisture,39551,5354.852724414803,0.135,OMA (1st INNER LOOP)
2025-10-04 12:00:00,gps,251601,302861.89054963907,1.204,OMA (1st INNER LOOP)
2025-10-04 12:00:00,Jo Global,773168,496149.5182849559,0.642,OMA (1st INNER LOOP)
2025-10-04 12:00:00,surface pressure,112724,15655.346689397154,0.139,OMA (1st INNER LOOP)
2025-10-04 12:00:00,temperature,93440,42446.67204016716,0.454,OMA (1st INNER LOOP)
2025-10-04 12:00:00,wind,275852,131276.20622765587,0.476,OMA (1st INNER LOOP)
2025-10-04 12:00:00,moisture,39551,5103.106557033303,0.129,OMA (1st INNER LOOP)
2025-10-04 12:00:00,gps,251601,278167.678517953,1.106,OMA (2nd INNER LOOP)
2025-10-04 12:00:00,Jo Global,773168,472649.0100322065,0.611,OMA (2nd INNER LOOP)
2025-10-04 12:00:00,surface pressure,112735,15688.313968098717,0.139,OMA (2nd INNER LOOP)
2025-10-04 12:00:00,temperature,93432,42063.492508850715,0.45,OMA (2nd INNER LOOP)
2025-10-04 12:00:00,wind,275734,128752.40809899855,0.467,OMA (2nd INNER LOOP)
2025-10-04 12:00:00,moisture,39547,5041.856069759884,0.127,OMA (2nd INNER LOOP)
2025-10-04 12:00:00,gps,253429,289917.1625058701,1.144,OMA (2nd INNER LOOP)
2025-10-04 12:00:00,Jo Global,774877,481463.23315157794,0.621,OMA (AFTER 2nd OUTER LOOP)
2025-10-04 18:00:00,surface pressure,109203,36596.370390104275,0.335,OMF
2025-10-04 18:00:00,temperature,27335,9445.110267920743,0.346,OMF
2025-10-04 18:00:00,wind,159068,53348.13204894204,0.335,OMF
2025-10-04 18:00:00,moisture,12722,2750.9454141267265,0.216,OMF
2025-10-04 18:00:00,gps,237017,525395.3045625319,2.217,OMF
2025-10-04 18:00:00,Jo Global,545345,627535.8626836257,1.151,OMF
2025-10-04 18:00:00,surface pressure,109203,36596.370390104275,0.335,OMF (1st INNER LOOP)
2025-10-04 18:00:00,temperature,27335,9445.110267920743,0.346,OMF (1st INNER LOOP)
2025-10-04 18:00:00,wind,159068,53348.13204894204,0.335,OMF (1st INNER LOOP)
2025-10-04 18:00:00,moisture,12722,2750.9454141267265,0.216,OMF (1st INNER LOOP)
2025-10-04 18:00:00,gps,237017,525395.3045625319,2.217,OMF (1st INNER LOOP)
2025-10-04 18:00:00,Jo Global,545345,627535.8626836257,1.151,OMF (1st INNER LOOP)
2025-10-04 18:00:00,surface pressure,109203,14132.235329408451,0.129,OMF (1st INNER LOOP)
2025-10-04 18:00:00,temperature,27335,4304.714042336971,0.157,OMF (2nd INNER LOOP)
2025-10-04 18:00:00,wind,159068,27955.826293317677,0.176,OMF (2nd INNER LOOP)
2025-10-04 18:00:00,moisture,12722,947.7218326281711,0.074,OMF (2nd INNER LOOP)
2025-10-04 18:00:00,gps,237017,256240.68461614705,1.081,OMF (2nd INNER LOOP)
2025-10-04 18:00:00,Jo Global,545345,303581.1821138383,0.557,OMF (2nd INNER LOOP)
2025-10-04 18:00:00,surface pressure,110710,15945.915264063146,0.144,OMF (2nd INNER LOOP)
2025-10-04 18:00:00,temperature,27335,4285.863801436799,0.157,OMF (2nd INNER LOOP)
2025-10-04 18:00:00,wind,159280,28431.259693290132,0.178,OMA (AFTER 1st OUTER LOOP)
2025-10-04 18:00:00,moisture,12722,1021.2206468154188,0.08,OMA (AFTER 1st OUTER LOOP)
2025-10-04 18:00:00,gps,242879,286686.8291269183,1.18,OMA (AFTER 1st OUTER LOOP)
2025-10-04 18:00:00,Jo Global,552926,336371.0885325238,0.608,OMA (AFTER 1st OUTER LOOP)
2025-10-04 18:00:00,surface pressure,110710,15945.915264063146,0.144,OMA (AFTER 1st OUTER LOOP)
2025-10-04 18:00:00,temperature,27335,4285.863801436799,0.157,OMA (AFTER 1st OUTER LOOP)
2025-10-04 18:00:00,wind,159280,28431.259693290132,0.178,OMA (AFTER 1st OUTER LOOP)
2025-10-04 18:00:00,moisture,12722,1021.2206468154188,0.08,OMA (1st INNER LOOP)
2025-10-04 18:00:00,gps,242879,286686.8291269183,1.18,OMA (1st INNER LOOP)
2025-10-04 18:00:00,Jo Global,552926,336371.0885325238,0.608,OMA (1st INNER LOOP)
2025-10-04 18:00:00,surface pressure,110710,15055.517425943106,0.136,OMA (1st INNER LOOP)
2025-10-04 18:00:00,temperature,27335,4209.9373116570605,0.154,OMA (1st INNER LOOP)
2025-10-04 18:00:00,wind,159280,28197.623236530468,0.177,OMA (1st INNER LOOP)
2025-10-04 18:00:00,moisture,12722,971.2664237406644,0.076,OMA (1st INNER LOOP)
2025-10-04 18:00:00,gps,242879,263098.01869231614,1.083,OMA (2nd INNER LOOP)
2025-10-04 18:00:00,Jo Global,552926,311532.3630901875,0.563,OMA (2nd INNER LOOP)
2025-10-04 18:00:00,surface pressure,110702,14818.939699042488,0.134,OMA (2nd INNER LOOP)
2025-10-04 18:00:00,temperature,27335,4231.206551494412,0.155,OMA (2nd INNER LOOP)
2025-10-04 18:00:00,wind,159278,28205.293929274456,0.177,OMA (2nd INNER LOOP)
2025-10-04 18:00:00,moisture,12722,984.9035016550687,0.077,OMA (2nd INNER LOOP)
2025-10-04 18:00:00,gps,244563,271733.6876080473,1.111,OMA (2nd INNER LOOP)
2025-10-04 18:00:00,Jo Global,554600,319974.0312895137,0.577,OMA (AFTER 2nd OUTER LOOP)
2025-10-05 00:00:00,surface pressure,108259,40656.94097882432,0.376,OMF
2025-10-05 00:00:00,temperature,102339,92247.63191277867,0.901,OMF
2025-10-05 00:00:00,wind,309880,282132.26054836257,0.91,OMF
2025-10-05 00:00:00,moisture,42634,16888.71680230992,0.396,OMF
2025-10-05 00:00:00,gps,238666,610955.1602203847,2.56,OMF
2025-10-05 00:00:00,Jo Global,801778,1042880.7104626601,1.301,OMF
2025-10-05 00:00:00,surface pressure,108259,40656.94097882432,0.376,OMF (1st INNER LOOP)
2025-10-05 00:00:00,temperature,102339,92247.63191277867,0.901,OMF (1st INNER LOOP)
2025-10-05 00:00:00,wind,309880,282132.26054836257,0.91,OMF (1st INNER LOOP)
2025-10-05 00:00:00,moisture,42634,16888.71680230992,0.396,OMF (1st INNER LOOP)
2025-10-05 00:00:00,gps,238666,610955.1602203847,2.56,OMF (1st INNER LOOP)
2025-10-05 00:00:00,Jo Global,801778,1042880.7104626601,1.301,OMF (1st INNER LOOP)
2025-10-05 00:00:00,surface pressure,108259,14429.999390171404,0.133,OMF (1st INNER LOOP)
2025-10-05 00:00:00,temperature,102339,42282.54302254033,0.413,OMF (2nd INNER LOOP)
2025-10-05 00:00:00,wind,309880,137911.5472462035,0.445,OMF (2nd INNER LOOP)
2025-10-05 00:00:00,moisture,42634,4993.326304051772,0.117,OMF (2nd INNER LOOP)
2025-10-05 00:00:00,gps,238666,322828.3168026637,1.353,OMF (2nd INNER LOOP)
2025-10-05 00:00:00,Jo Global,801778,522445.73276563076,0.652,OMF (2nd INNER LOOP)
2025-10-05 00:00:00,surface pressure,109055,15860.506308909455,0.145,OMF (2nd INNER LOOP)
2025-10-05 00:00:00,temperature,102357,43378.69004779883,0.424,OMF (2nd INNER LOOP)
2025-10-05 00:00:00,wind,310438,142542.04631818738,0.459,OMA (AFTER 1st OUTER LOOP)
2025-10-05 00:00:00,moisture,42634,5079.681681722318,0.119,OMA (AFTER 1st OUTER LOOP)
2025-10-05 00:00:00,gps,245643,363947.3814289573,1.482,OMA (AFTER 1st OUTER LOOP)
2025-10-05 00:00:00,Jo Global,810127,570808.3057855753,0.705,OMA (AFTER 1st OUTER LOOP)
2025-10-05 00:00:00,surface pressure,109055,15860.506308909455,0.145,OMA (AFTER 1st OUTER LOOP)
2025-10-05 00:00:00,temperature,102357,43378.69004779883,0.424,OMA (AFTER 1st OUTER LOOP)
2025-10-05 00:00:00,wind,310438,142542.04631818738,0.459,OMA (AFTER 1st OUTER LOOP)
2025-10-05 00:00:00,moisture,42634,5079.681681722318,0.119,OMA (1st INNER LOOP)
2025-10-05 00:00:00,gps,245643,363947.3814289573,1.482,OMA (1st INNER LOOP)
2025-10-05 00:00:00,Jo Global,810127,570808.3057855753,0.705,OMA (1st INNER LOOP)
2025-10-05 00:00:00,surface pressure,109055,15255.928080311633,0.14,OMA (1st INNER LOOP)
2025-10-05 00:00:00,temperature,102357,43777.062382375094,0.428,OMA (1st INNER LOOP)
2025-10-05 00:00:00,wind,310438,145047.0752847121,0.467,OMA (1st INNER LOOP)
2025-10-05 00:00:00,moisture,42634,4806.636746637918,0.113,OMA (1st INNER LOOP)
2025-10-05 00:00:00,gps,245643,338062.56526097003,1.376,OMA (2nd INNER LOOP)
2025-10-05 00:00:00,Jo Global,810127,546949.2677550068,0.675,OMA (2nd INNER LOOP)
2025-10-05 00:00:00,surface pressure,109061,14806.555212607986,0.136,OMA (2nd INNER LOOP)
2025-10-05 00:00:00,temperature,102354,43559.39692982951,0.426,OMA (2nd INNER LOOP)
2025-10-05 00:00:00,wind,310336,142218.69079074022,0.458,OMA (2nd INNER LOOP)
2025-10-05 00:00:00,moisture,42634,4821.318083499207,0.113,OMA (2nd INNER LOOP)
2025-10-05 00:00:00,gps,247494,348621.0960515257,1.409,OMA (2nd INNER LOOP)
2025-10-05 00:00:00,Jo Global,811879,554027.0570682026,0.682,OMA (AFTER 2nd OUTER LOOP)
2025-10-05 06:00:00,surface pressure,110208,37699.82224068428,0.342,OMF
2025-10-05 06:00:00,temperature,25987,7060.499410025433,0.272,OMF
2025-10-05 06:00:00,wind,132460,49524.35622675631,0.374,OMF
2025-10-05 06:00:00,moisture,12019,2097.4297102546757,0.175,OMF
2025-10-05 06:00:00,gps,234831,529711.7257474046,2.256,OMF
2025-10-05 06:00:00,Jo Global,515505,626093.8333351254,1.215,OMF
2025-10-05 06:00:00,surface pressure,110208,37699.82224068428,0.342,OMF (1st INNER LOOP)
2025-10-05 06:00:00,temperature,25987,7060.499410025433,0.272,OMF (1st INNER LOOP)
2025-10-05 06:00:00,wind,132460,49524.35622675631,0.374,OMF (1st INNER LOOP)
2025-10-05 06:00:00,moisture,12019,2097.4297102546757,0.175,OMF (1st INNER LOOP)
2025-10-05 06:00:00,gps,234831,529711.7257474046,2.256,OMF (1st INNER LOOP)
2025-10-05 06:00:00,Jo Global,515505,626093.8333351254,1.215,OMF (1st INNER LOOP)
2025-10-05 06:00:00,surface pressure,110208,13826.668244229448,0.125,OMF (1st INNER LOOP)
2025-10-05 06:00:00,temperature,25987,3519.053145661388,0.135,OMF (2nd INNER LOOP)
2025-10-05 06:00:00,wind,132460,23958.065887166613,0.181,OMF (2nd INNER LOOP)
2025-10-05 06:00:00,moisture,12019,831.3212223432033,0.069,OMF (2nd INNER LOOP)
2025-10-05 06:00:00,gps,234831,261740.65267799032,1.115,OMF (2nd INNER LOOP)
2025-10-05 06:00:00,Jo Global,515505,303875.761177391,0.589,OMF (2nd INNER LOOP)
2025-10-05 06:00:00,surface pressure,110594,14725.824490461191,0.133,OMF (2nd INNER LOOP)
2025-10-05 06:00:00,temperature,25985,3582.235636446008,0.138,OMF (2nd INNER LOOP)
2025-10-05 06:00:00,wind,132862,25295.822439268544,0.19,OMA (AFTER 1st OUTER LOOP)
2025-10-05 06:00:00,moisture,12021,969.5366077553532,0.081,OMA (AFTER 1st OUTER LOOP)
2025-10-05 06:00:00,gps,240862,294976.49924325634,1.225,OMA (AFTER 1st OUTER LOOP)
2025-10-05 06:00:00,Jo Global,522324,339549.91841718747,0.65,OMA (AFTER 1st OUTER LOOP)
2025-10-05 06:00:00,surface pressure,110594,14725.824490461191,0.133,OMA (AFTER 1st OUTER LOOP)
2025-10-05 06:00:00,temperature,25985,3582.235636446008,0.138,OMA (AFTER 1st OUTER LOOP)
2025-10-05 06:00:00,wind,132862,25295.822439268544,0.19,OMA (AFTER 1st OUTER LOOP)
2025-10-05 06:00:00,moisture,12021,969.5366077553532,0.081,OMA (1st INNER LOOP)
2025-10-05 06:00:00,gps,240862,294976.49924325634,1.225,OMA (1st INNER LOOP)
2025-10-05 06:00:00,Jo Global,522324,339549.91841718747,0.65,OMA (1st INNER LOOP)
2025-10-05 06:00:00,surface pressure,110594,14418.322287691917,0.13,OMA (1st INNER LOOP)
2025-10-05 06:00:00,temperature,25985,3600.9010430251346,0.139,OMA (1st INNER LOOP)
2025-10-05 06:00:00,wind,132862,25381.850685177513,0.191,OMA (1st INNER LOOP)
2025-10-05 06:00:00,moisture,12021,899.8702553045988,0.075,OMA (1st INNER LOOP)
2025-10-05 06:00:00,gps,240862,275095.3440117361,1.142,OMA (2nd INNER LOOP)
2025-10-05 06:00:00,Jo Global,522324,319396.2882829352,0.611,OMA (2nd INNER LOOP)
2025-10-05 06:00:00,surface pressure,110587,14210.167139095833,0.128,OMA (2nd INNER LOOP)
2025-10-05 06:00:00,temperature,25983,3511.4988923997025,0.135,OMA (2nd INNER LOOP)
2025-10-05 06:00:00,wind,132776,25219.206638469204,0.19,OMA (2nd INNER LOOP)
2025-10-05 06:00:00,moisture,12019,865.6524756375883,0.072,OMA (2nd INNER LOOP)
2025-10-05 06:00:00,gps,242418,283598.1065555264,1.17,OMA (2nd INNER LOOP)
2025-10-05 06:00:00,Jo Global,523783,327404.63170112873,0.625,OMA (AFTER 2nd OUTER LOOP)
2025-10-05 12:00:00,surface pressure,113575,38332.11778782363,0.338,OMF
2025-10-05 12:00:00,temperature,91274,82783.46828996914,0.907,OMF
2025-10-05 12:00:00,wind,273556,257910.1807383736,0.943,OMF
2025-10-05 12:00:00,moisture,38903,14525.605242184085,0.373,OMF
2025-10-05 12:00:00,gps,261790,553237.2333240226,2.113,OMF
2025-10-05 12:00:00,Jo Global,779098,946788.6053823731,1.215,OMF
2025-10-05 12:00:00,surface pressure,113575,38332.11778782363,0.338,OMF (1st INNER LOOP)
2025-10-05 12:00:00,temperature,91274,82783.46828996914,0.907,OMF (1st INNER LOOP)
2025-10-05 12:00:00,wind,273556,257910.1807383736,0.943,OMF (1st INNER LOOP)
2025-10-05 12:00:00,moisture,38903,14525.605242184085,0.373,OMF (1st INNER LOOP)
2025-10-05 12:00:00,gps,261790,553237.2333240226,2.113,OMF (1st INNER LOOP)
2025-10-05 12:00:00,Jo Global,779098,946788.6053823731,1.215,OMF (1st INNER LOOP)
2025-10-05 12:00:00,surface pressure,113575,14323.331584806485,0.126,OMF (1st INNER LOOP)
2025-10-05 12:00:00,temperature,91274,36979.69416184086,0.405,OMF (2nd INNER LOOP)
2025-10-05 12:00:00,wind,273556,122606.6131065098,0.448,OMF (2nd INNER LOOP)
2025-10-05 12:00:00,moisture,38903,4487.152447377953,0.115,OMF (2nd INNER LOOP)
2025-10-05 12:00:00,gps,261790,279605.0352691552,1.068,OMF (2nd INNER LOOP)
2025-10-05 12:00:00,Jo Global,779098,458001.8265696903,0.588,OMF (2nd INNER LOOP)
2025-10-05 12:00:00,surface pressure,113841,15117.261861441799,0.133,OMF (2nd INNER LOOP)
2025-10-05 12:00:00,temperature,91280,37713.67412296512,0.413,OMF (2nd INNER LOOP)
2025-10-05 12:00:00,wind,274350,128555.50425866779,0.469,OMA (AFTER 1st OUTER LOOP)
2025-10-05 12:00:00,moisture,38903,4682.11897678373,0.12,OMA (AFTER 1st OUTER LOOP)
2025-10-05 12:00:00,gps,268332,311448.7598437973,1.161,OMA (AFTER 1st OUTER LOOP)
2025-10-05 12:00:00,Jo Global,786706,497517.31906365574,0.632,OMA (AFTER 1st OUTER LOOP)
2025-10-05 12:00:00,surface pressure,113841,15117.261861441799,0.133,OMA (AFTER 1st OUTER LOOP)
2025-10-05 12:00:00,temperature,91280,37713.67412296512,0.413,OMA (AFTER 1st OUTER LOOP)
2025-10-05 12:00:00,wind,274350,128555.50425866779,0.469,OMA (AFTER 1st OUTER LOOP)
2025-10-05 12:00:00,moisture,38903,4682.11897678373,0.12,OMA (1st INNER LOOP)
2025-10-05 12:00:00,gps,268332,311448.7598437973,1.161,OMA (1st INNER LOOP)
2025-10-05 12:00:00,Jo Global,786706,497517.31906365574,0.632,OMA (1st INNER LOOP)
2025-10-05 12:00:00,surface pressure,113841,14868.479340809057,0.131,OMA (1st INNER LOOP)
2025-10-05 12:00:00,temperature,91280,39098.930573015175,0.428,OMA (1st INNER LOOP)
2025-10-05 12:00:00,wind,274350,134170.4424987415,0.489,OMA (1st INNER LOOP)
2025-10-05 12:00:00,moisture,38903,4361.822026522821,0.112,OMA (1st INNER LOOP)
2025-10-05 12:00:00,gps,268332,291593.4191210842,1.087,OMA (2nd INNER LOOP)
2025-10-05 12:00:00,Jo Global,786706,484093.09356017277,0.615,OMA (2nd INNER LOOP)
2025-10-05 12:00:00,surface pressure,113829,14698.83355341668,0.129,OMA (2nd INNER LOOP)
2025-10-05 12:00:00,temperature,91283,39208.86774933589,0.43,OMA (2nd INNER LOOP)
2025-10-05 12:00:00,wind,274108,127981.6359852477,0.467,OMA (2nd INNER LOOP)
2025-10-05 12:00:00,moisture,38903,4398.882077026893,0.113,OMA (2nd INNER LOOP)
2025-10-05 12:00:00,gps,270124,300656.2960131353,1.113,OMA (2nd INNER LOOP)
2025-10-05 12:00:00,Jo Global,788247,486944.5153781625,0.618,OMA (AFTER 2nd OUTER LOOP)
2025-10-05 18:00:00,surface pressure,110520,32392.882054681457,0.293,OMF
2025-10-05 18:00:00,temperature,29039,7392.4663576557505,0.255,OMF
2025-10-05 18:00:00,wind,146036,47933.30514028745,0.328,OMF
2025-10-05 18:00:00,moisture,12527,2656.900546972543,0.212,OMF
2025-10-05 18:00:00,gps,234849,483732.85283517884,2.06,OMF
2025-10-05 18:00:00,Jo Global,532971,574108.406934776,1.077,OMF
2025-10-05 18:00:00,surface pressure,110520,32392.882054681457,0.293,OMF (1st INNER LOOP)
2025-10-05 18:00:00,temperature,29039,7392.4663576557505,0.255,OMF (1st INNER LOOP)
2025-10-05 18:00:00,wind,146036,47933.30514028745,0.328,OMF (1st INNER LOOP)
2025-10-05 18:00:00,moisture,12527,2656.900546972543,0.212,OMF (1st INNER LOOP)
2025-10-05 18:00:00,gps,234849,483732.85283517884,2.06,OMF (1st INNER LOOP)
2025-10-05 18:00:00,Jo Global,532971,574108.406934776,1.077,OMF (1st INNER LOOP)
2025-10-05 18:00:00,surface pressure,110520,13579.821351763972,0.123,OMF (1st INNER LOOP)
2025-10-05 18:00:00,temperature,29039,3627.596019192981,0.125,OMF (2nd INNER LOOP)
2025-10-05 18:00:00,wind,146036,25481.059345676196,0.174,OMF (2nd INNER LOOP)
2025-10-05 18:00:00,moisture,12527,999.1545332090562,0.08,OMF (2nd INNER LOOP)
2025-10-05 18:00:00,gps,234849,246924.32193266248,1.051,OMF (2nd INNER LOOP)
2025-10-05 18:00:00,Jo Global,532971,290611.9531825047,0.545,OMF (2nd INNER LOOP)
2025-10-05 18:00:00,surface pressure,110665,14418.299403682255,0.13,OMF (2nd INNER LOOP)
2025-10-05 18:00:00,temperature,29042,4013.593561512861,0.138,OMF (2nd INNER LOOP)
2025-10-05 18:00:00,wind,146270,25924.093916311765,0.177,OMA (AFTER 1st OUTER LOOP)
2025-10-05 18:00:00,moisture,12530,1245.975768095264,0.099,OMA (AFTER 1st OUTER LOOP)
2025-10-05 18:00:00,gps,240184,273004.89494213654,1.137,OMA (AFTER 1st OUTER LOOP)
2025-10-05 18:00:00,Jo Global,538691,318606.8575917387,0.591,OMA (AFTER 1st OUTER LOOP)
2025-10-05 18:00:00,surface pressure,110665,14418.299403682255,0.13,OMA (AFTER 1st OUTER LOOP)
2025-10-05 18:00:00,temperature,29042,4013.593561512861,0.138,OMA (AFTER 1st OUTER LOOP)
2025-10-05 18:00:00,wind,146270,25924.093916311765,0.177,OMA (AFTER 1st OUTER LOOP)
2025-10-05 18:00:00,moisture,12530,1245.975768095264,0.099,OMA (1st INNER LOOP)
2025-10-05 18:00:00,gps,240184,273004.89494213654,1.137,OMA (1st INNER LOOP)
2025-10-05 18:00:00,Jo Global,538691,318606.8575917387,0.591,OMA (1st INNER LOOP)
2025-10-05 18:00:00,surface pressure,110665,14233.64436347089,0.129,OMA (1st INNER LOOP)
2025-10-05 18:00:00,temperature,29042,4009.4971884055485,0.138,OMA (1st INNER LOOP)
2025-10-05 18:00:00,wind,146270,26487.638782307575,0.181,OMA (1st INNER LOOP)
2025-10-05 18:00:00,moisture,12530,1257.4894952970276,0.1,OMA (1st INNER LOOP)
2025-10-05 18:00:00,gps,240184,256989.86919145056,1.07,OMA (2nd INNER LOOP)
2025-10-05 18:00:00,Jo Global,538691,302978.1390209316,0.562,OMA (2nd INNER LOOP)
2025-10-05 18:00:00,surface pressure,110651,13955.683709380864,0.126,OMA (2nd INNER LOOP)
2025-10-05 18:00:00,temperature,29039,3839.505803079208,0.132,OMA (2nd INNER LOOP)
2025-10-05 18:00:00,wind,146258,26278.824868524433,0.18,OMA (2nd INNER LOOP)
2025-10-05 18:00:00,moisture,12528,1168.9108805300373,0.093,OMA (2nd INNER LOOP)
2025-10-05 18:00:00,gps,241659,264646.1429636991,1.095,OMA (2nd INNER LOOP)
2025-10-05 18:00:00,Jo Global,540135,309889.0682252137,0.574,OMA (AFTER 2nd OUTER LOOP)
2025-10-06 00:00:00,surface pressure,109735,31857.806043960107,0.29,OMF
2025-10-06 00:00:00,temperature,103901,87116.93476621399,0.838,OMF
2025-10-06 00:00:00,wind,319148,269429.07643590606,0.844,OMF
2025-10-06 00:00:00,moisture,43402,15755.474294495134,0.363,OMF
2025-10-06 00:00:00,gps,211658,568881.9328057206,2.688,OMF
2025-10-06 00:00:00,Jo Global,787844,973041.2243462958,1.235,OMF
2025-10-06 00:00:00,surface pressure,109735,31857.806043960107,0.29,OMF (1st INNER LOOP)
2025-10-06 00:00:00,temperature,103901,87116.93476621399,0.838,OMF (1st INNER LOOP)
2025-10-06 00:00:00,wind,319148,269429.07643590606,0.844,OMF (1st INNER LOOP)
2025-10-06 00:00:00,moisture,43402,15755.474294495134,0.363,OMF (1st INNER LOOP)
2025-10-06 00:00:00,gps,211658,568881.9328057206,2.688,OMF (1st INNER LOOP)
2025-10-06 00:00:00,Jo Global,787844,973041.2243462958,1.235,OMF (1st INNER LOOP)
2025-10-06 00:00:00,surface pressure,109735,13325.76427476063,0.121,OMF (1st INNER LOOP)
2025-10-06 00:00:00,temperature,103901,40671.87597236718,0.391,OMF (2nd INNER LOOP)
2025-10-06 00:00:00,wind,319148,133820.43081353887,0.419,OMF (2nd INNER LOOP)
2025-10-06 00:00:00,moisture,43402,5130.1546481646365,0.118,OMF (2nd INNER LOOP)
2025-10-06 00:00:00,gps,211658,310797.0107340549,1.468,OMF (2nd INNER LOOP)
2025-10-06 00:00:00,Jo Global,787844,503745.2364428862,0.639,OMF (2nd INNER LOOP)
2025-10-06 00:00:00,surface pressure,109877,14168.694201034776,0.129,OMF (2nd INNER LOOP)
2025-10-06 00:00:00,temperature,103908,41087.213634568376,0.395,OMF (2nd INNER LOOP)
2025-10-06 00:00:00,wind,319558,137560.84728846687,0.43,OMA (AFTER 1st OUTER LOOP)
2025-10-06 00:00:00,moisture,43402,5202.298427614897,0.12,OMA (AFTER 1st OUTER LOOP)
2025-10-06 00:00:00,gps,217614,357416.89742270386,1.642,OMA (AFTER 1st OUTER LOOP)
2025-10-06 00:00:00,Jo Global,794359,555435.9509743887,0.699,OMA (AFTER 1st OUTER LOOP)
2025-10-06 00:00:00,surface pressure,109877,14168.694201034776,0.129,OMA (AFTER 1st OUTER LOOP)
2025-10-06 00:00:00,temperature,103908,41087.213634568376,0.395,OMA (AFTER 1st OUTER LOOP)
2025-10-06 00:00:00,wind,319558,137560.84728846687,0.43,OMA (AFTER 1st OUTER LOOP)
2025-10-06 00:00:00,moisture,43402,5202.298427614897,0.12,OMA (1st INNER LOOP)
2025-10-06 00:00:00,gps,217614,357416.89742270386,1.642,OMA (1st INNER LOOP)
2025-10-06 00:00:00,Jo Global,794359,555435.9509743887,0.699,OMA (1st INNER LOOP)
2025-10-06 00:00:00,surface pressure,109877,14030.250530848114,0.128,OMA (1st INNER LOOP)
2025-10-06 00:00:00,temperature,103908,41470.682787495265,0.399,OMA (1st INNER LOOP)
2025-10-06 00:00:00,wind,319558,140088.31577795243,0.438,OMA (1st INNER LOOP)
2025-10-06 00:00:00,moisture,43402,5099.393916979593,0.117,OMA (1st INNER LOOP)
2025-10-06 00:00:00,gps,217614,329011.4121481971,1.512,OMA (2nd INNER LOOP)
2025-10-06 00:00:00,Jo Global,794359,529700.0551614725,0.667,OMA (2nd INNER LOOP)
2025-10-06 00:00:00,surface pressure,109856,13874.035555934277,0.126,OMA (2nd INNER LOOP)
2025-10-06 00:00:00,temperature,103903,41271.92933103787,0.397,OMA (2nd INNER LOOP)
2025-10-06 00:00:00,wind,319522,137840.22257028177,0.431,OMA (2nd INNER LOOP)
2025-10-06 00:00:00,moisture,43400,5136.470570262057,0.118,OMA (2nd INNER LOOP)
2025-10-06 00:00:00,gps,219142,341187.6531505786,1.557,OMA (2nd INNER LOOP)
2025-10-06 00:00:00,Jo Global,795823,539310.3111780946,0.678,OMA (AFTER 2nd OUTER LOOP)
2025-10-06 06:00:00,surface pressure,114058,44188.48817623759,0.387,OMF
2025-10-06 06:00:00,temperature,30281,7457.065236794209,0.246,OMF
2025-10-06 06:00:00,wind,148068,48886.87111061445,0.33,OMF
2025-10-06 06:00:00,moisture,14350,2512.300059627276,0.175,OMF
2025-10-06 06:00:00,gps,214573,477834.08071647485,2.227,OMF
2025-10-06 06:00:00,Jo Global,521330,580878.8052997483,1.114,OMF
2025-10-06 06:00:00,surface pressure,114058,44188.48817623759,0.387,OMF (1st INNER LOOP)
2025-10-06 06:00:00,temperature,30281,7457.065236794209,0.246,OMF (1st INNER LOOP)
2025-10-06 06:00:00,wind,148068,48886.87111061445,0.33,OMF (1st INNER LOOP)
2025-10-06 06:00:00,moisture,14350,2512.300059627276,0.175,OMF (1st INNER LOOP)
2025-10-06 06:00:00,gps,214573,477834.08071647485,2.227,OMF (1st INNER LOOP)
2025-10-06 06:00:00,Jo Global,521330,580878.8052997483,1.114,OMF (1st INNER LOOP)
2025-10-06 06:00:00,surface pressure,114058,18714.718038287567,0.164,OMF (1st INNER LOOP)
2025-10-06 06:00:00,temperature,30281,3705.055153983036,0.122,OMF (2nd INNER LOOP)
2025-10-06 06:00:00,wind,148068,25158.945137114955,0.17,OMF (2nd INNER LOOP)
2025-10-06 06:00:00,moisture,14350,1184.047075919645,0.083,OMF (2nd INNER LOOP)
2025-10-06 06:00:00,gps,214573,248202.69525027994,1.157,OMF (2nd INNER LOOP)
2025-10-06 06:00:00,Jo Global,521330,296965.46065558516,0.57,OMF (2nd INNER LOOP)
2025-10-06 06:00:00,surface pressure,114596,23912.6824039734,0.209,OMF (2nd INNER LOOP)
2025-10-06 06:00:00,temperature,30282,3906.3493109652673,0.129,OMF (2nd INNER LOOP)
2025-10-06 06:00:00,wind,148168,25615.2839532529,0.173,OMA (AFTER 1st OUTER LOOP)
2025-10-06 06:00:00,moisture,14351,1321.4768180411963,0.092,OMA (AFTER 1st OUTER LOOP)
2025-10-06 06:00:00,gps,219948,281150.78592838725,1.278,OMA (AFTER 1st OUTER LOOP)
2025-10-06 06:00:00,Jo Global,527345,335906.57841462,0.637,OMA (AFTER 1st OUTER LOOP)
2025-10-06 06:00:00,surface pressure,114596,23912.6824039734,0.209,OMA (AFTER 1st OUTER LOOP)
2025-10-06 06:00:00,temperature,30282,3906.3493109652673,0.129,OMA (AFTER 1st OUTER LOOP)
2025-10-06 06:00:00,wind,148168,25615.2839532529,0.173,OMA (AFTER 1st OUTER LOOP)
2025-10-06 06:00:00,moisture,14351,1321.4768180411963,0.092,OMA (1st INNER LOOP)
2025-10-06 06:00:00,gps,219948,281150.78592838725,1.278,OMA (1st INNER LOOP)
2025-10-06 06:00:00,Jo Global,527345,335906.57841462,0.637,OMA (1st INNER LOOP)
2025-10-06 06:00:00,surface pressure,114596,22151.946563748585,0.193,OMA (1st INNER LOOP)
2025-10-06 06:00:00,temperature,30282,3941.1018727435317,0.13,OMA (1st INNER LOOP)
2025-10-06 06:00:00,wind,148168,26001.64821262326,0.175,OMA (1st INNER LOOP)
2025-10-06 06:00:00,moisture,14351,1258.1650297229503,0.088,OMA (1st INNER LOOP)
2025-10-06 06:00:00,gps,219948,261619.48225157455,1.189,OMA (2nd INNER LOOP)
2025-10-06 06:00:00,Jo Global,527345,314972.3439304129,0.597,OMA (2nd INNER LOOP)
2025-10-06 06:00:00,surface pressure,114567,22108.005745666924,0.193,OMA (2nd INNER LOOP)
2025-10-06 06:00:00,temperature,30281,3832.455556376527,0.127,OMA (2nd INNER LOOP)
2025-10-06 06:00:00,wind,148166,25908.260369863987,0.175,OMA (2nd INNER LOOP)
2025-10-06 06:00:00,moisture,14350,1219.6503050557262,0.085,OMA (2nd INNER LOOP)
2025-10-06 06:00:00,gps,221405,272247.2912030207,1.23,OMA (2nd INNER LOOP)
2025-10-06 06:00:00,Jo Global,528769,325315.6631799839,0.615,OMA (AFTER 2nd OUTER LOOP)
2025-10-06 12:00:00,surface pressure,115888,44633.21305007025,0.385,OMF
2025-10-06 12:00:00,temperature,97010,84646.49109969803,0.873,OMF
2025-10-06 12:00:00,wind,281256,254602.66839201262,0.905,OMF
2025-10-06 12:00:00,moisture,41275,14737.400085457035,0.357,OMF
2025-10-06 12:00:00,gps,249636,511352.3714437812,2.048,OMF
2025-10-06 12:00:00,Jo Global,785065,909972.1440710191,1.159,OMF
2025-10-06 12:00:00,surface pressure,115888,44633.21305007025,0.385,OMF (1st INNER LOOP)
2025-10-06 12:00:00,temperature,97010,84646.49109969803,0.873,OMF (1st INNER LOOP)
2025-10-06 12:00:00,wind,281256,254602.66839201262,0.905,OMF (1st INNER LOOP)
2025-10-06 12:00:00,moisture,41275,14737.400085457035,0.357,OMF (1st INNER LOOP)
2025-10-06 12:00:00,gps,249636,511352.3714437812,2.048,OMF (1st INNER LOOP)
2025-10-06 12:00:00,Jo Global,785065,909972.1440710191,1.159,OMF (1st INNER LOOP)
2025-10-06 12:00:00,surface pressure,115888,18698.01459033401,0.161,OMF (1st INNER LOOP)
2025-10-06 12:00:00,temperature,97010,37788.11543086107,0.39,OMF (2nd INNER LOOP)
2025-10-06 12:00:00,wind,281256,121433.72632072485,0.432,OMF (2nd INNER LOOP)
2025-10-06 12:00:00,moisture,41275,4982.44184927447,0.121,OMF (2nd INNER LOOP)
2025-10-06 12:00:00,gps,249636,256553.07287205537,1.028,OMF (2nd INNER LOOP)
2025-10-06 12:00:00,Jo Global,785065,439455.37106324977,0.56,OMF (2nd INNER LOOP)
2025-10-06 12:00:00,surface pressure,116079,20728.80431303242,0.179,OMF (2nd INNER LOOP)
2025-10-06 12:00:00,temperature,97022,38477.70794069185,0.397,OMF (2nd INNER LOOP)
2025-10-06 12:00:00,wind,281526,124960.74111300264,0.444,OMA (AFTER 1st OUTER LOOP)
2025-10-06 12:00:00,moisture,41276,5184.891466712014,0.126,OMA (AFTER 1st OUTER LOOP)
2025-10-06 12:00:00,gps,255734,285598.8737763955,1.117,OMA (AFTER 1st OUTER LOOP)
2025-10-06 12:00:00,Jo Global,791637,474951.0186098344,0.6,OMA (AFTER 1st OUTER LOOP)
2025-10-06 12:00:00,surface pressure,116079,20728.80431303242,0.179,OMA (AFTER 1st OUTER LOOP)
2025-10-06 12:00:00,temperature,97022,38477.70794069185,0.397,OMA (AFTER 1st OUTER LOOP)
2025-10-06 12:00:00,wind,281526,124960.74111300264,0.444,OMA (AFTER 1st OUTER LOOP)
2025-10-06 12:00:00,moisture,41276,5184.891466712014,0.126,OMA (1st INNER LOOP)
2025-10-06 12:00:00,gps,255734,285598.8737763955,1.117,OMA (1st INNER LOOP)
2025-10-06 12:00:00,Jo Global,791637,474951.0186098344,0.6,OMA (1st INNER LOOP)
2025-10-06 12:00:00,surface pressure,116079,19968.809133345207,0.172,OMA (1st INNER LOOP)
2025-10-06 12:00:00,temperature,97022,39559.77624142598,0.408,OMA (1st INNER LOOP)
2025-10-06 12:00:00,wind,281526,128190.82168067974,0.455,OMA (1st INNER LOOP)
2025-10-06 12:00:00,moisture,41276,4977.085400769945,0.121,OMA (1st INNER LOOP)
2025-10-06 12:00:00,gps,255734,266857.0978818125,1.043,OMA (2nd INNER LOOP)
2025-10-06 12:00:00,Jo Global,791637,459553.5903380334,0.581,OMA (2nd INNER LOOP)
2025-10-06 12:00:00,surface pressure,116064,19905.027039593366,0.172,OMA (2nd INNER LOOP)
2025-10-06 12:00:00,temperature,97020,39403.02562750004,0.406,OMA (2nd INNER LOOP)
2025-10-06 12:00:00,wind,281450,125908.06688457067,0.447,OMA (2nd INNER LOOP)
2025-10-06 12:00:00,moisture,41273,4843.893090561117,0.117,OMA (2nd INNER LOOP)
2025-10-06 12:00:00,gps,257254,273112.4039465566,1.062,OMA (2nd INNER LOOP)
2025-10-06 12:00:00,Jo Global,793061,463172.4165887818,0.584,OMA (AFTER 2nd OUTER LOOP)
2025-10-06 18:00:00,surface pressure,113351,39692.19520010924,0.35,OMF
2025-10-06 18:00:00,temperature,28943,6889.355932969536,0.238,OMF
2025-10-06 18:00:00,wind,135670,47988.12735798252,0.354,OMF
2025-10-06 18:00:00,moisture,14462,2809.3731355170657,0.194,OMF
2025-10-06 18:00:00,gps,243953,542899.8479911981,2.225,OMF
2025-10-06 18:00:00,Jo Global,536379,640278.8996177764,1.194,OMF
2025-10-06 18:00:00,surface pressure,113351,39692.19520010924,0.35,OMF (1st INNER LOOP)
2025-10-06 18:00:00,temperature,28943,6889.355932969536,0.238,OMF (1st INNER LOOP)
2025-10-06 18:00:00,wind,135670,47988.12735798252,0.354,OMF (1st INNER LOOP)
2025-10-06 18:00:00,moisture,14462,2809.3731355170657,0.194,OMF (1st INNER LOOP)
2025-10-06 18:00:00,gps,243953,542899.8479911981,2.225,OMF (1st INNER LOOP)
2025-10-06 18:00:00,Jo Global,536379,640278.8996177764,1.194,OMF (1st INNER LOOP)
2025-10-06 18:00:00,surface pressure,113351,18033.433024907998,0.159,OMF (1st INNER LOOP)
2025-10-06 18:00:00,temperature,28943,3547.234766254192,0.123,OMF (2nd INNER LOOP)
2025-10-06 18:00:00,wind,135670,26337.44808559266,0.194,OMF (2nd INNER LOOP)
2025-10-06 18:00:00,moisture,14462,1063.0287763144527,0.074,OMF (2nd INNER LOOP)
2025-10-06 18:00:00,gps,243953,287580.1758920195,1.179,OMF (2nd INNER LOOP)
2025-10-06 18:00:00,Jo Global,536379,336561.3205450888,0.627,OMF (2nd INNER LOOP)
2025-10-06 18:00:00,surface pressure,113597,20233.758461295758,0.178,OMF (2nd INNER LOOP)
2025-10-06 18:00:00,temperature,28942,4093.8363820903724,0.141,OMF (2nd INNER LOOP)
2025-10-06 18:00:00,wind,135796,26833.8529679344,0.198,OMA (AFTER 1st OUTER LOOP)
2025-10-06 18:00:00,moisture,14462,1155.5754567048432,0.08,OMA (AFTER 1st OUTER LOOP)
2025-10-06 18:00:00,gps,249907,323767.2649942715,1.296,OMA (AFTER 1st OUTER LOOP)
2025-10-06 18:00:00,Jo Global,542704,376084.2882622969,0.693,OMA (AFTER 1st OUTER LOOP)
2025-10-06 18:00:00,surface pressure,113597,20233.758461295758,0.178,OMA (AFTER 1st OUTER LOOP)
2025-10-06 18:00:00,temperature,28942,4093.8363820903724,0.141,OMA (AFTER 1st OUTER LOOP)
2025-10-06 18:00:00,wind,135796,26833.8529679344,0.198,OMA (AFTER 1st OUTER LOOP)
2025-10-06 18:00:00,moisture,14462,1155.5754567048432,0.08,OMA (1st INNER LOOP)
2025-10-06 18:00:00,gps,249907,323767.2649942715,1.296,OMA (1st INNER LOOP)
2025-10-06 18:00:00,Jo Global,542704,376084.2882622969,0.693,OMA (1st INNER LOOP)
2025-10-06 18:00:00,surface pressure,113597,19619.468672164334,0.173,OMA (1st INNER LOOP)
2025-10-06 18:00:00,temperature,28942,4012.478275271922,0.139,OMA (1st INNER LOOP)
2025-10-06 18:00:00,wind,135796,27093.07071273112,0.2,OMA (1st INNER LOOP)
2025-10-06 18:00:00,moisture,14462,1124.5138296343696,0.078,OMA (1st INNER LOOP)
2025-10-06 18:00:00,gps,249907,303342.7825357778,1.214,OMA (2nd INNER LOOP)
2025-10-06 18:00:00,Jo Global,542704,355192.3140255795,0.654,OMA (2nd INNER LOOP)
2025-10-06 18:00:00,surface pressure,113605,19665.00823706435,0.173,OMA (2nd INNER LOOP)
2025-10-06 18:00:00,temperature,28942,4009.0454460070355,0.139,OMA (2nd INNER LOOP)
2025-10-06 18:00:00,wind,135778,26936.573658694415,0.198,OMA (2nd INNER LOOP)
2025-10-06 18:00:00,moisture,14462,1134.8035649197486,0.078,OMA (2nd INNER LOOP)
2025-10-06 18:00:00,gps,251447,312003.5401893483,1.241,OMA (2nd INNER LOOP)
2025-10-06 18:00:00,Jo Global,544234,363748.9710960338,0.668,OMA (AFTER 2nd OUTER LOOP)
2025-10-07 00:00:00,surface pressure,111987,43847.8885907511,0.392,OMF
2025-10-07 00:00:00,temperature,103514,83393.50930330888,0.806,OMF
2025-10-07 00:00:00,wind,312636,250244.17820394126,0.8,OMF
2025-10-07 00:00:00,moisture,45882,15015.764841524406,0.327,OMF
2025-10-07 00:00:00,gps,212448,546247.4310151428,2.571,OMF
2025-10-07 00:00:00,Jo Global,786467,938748.7719546685,1.194,OMF
2025-10-07 00:00:00,surface pressure,111987,43847.8885907511,0.392,OMF (1st INNER LOOP)
2025-10-07 00:00:00,temperature,103514,83393.50930330888,0.806,OMF (1st INNER LOOP)
2025-10-07 00:00:00,wind,312636,250244.17820394126,0.8,OMF (1st INNER LOOP)
2025-10-07 00:00:00,moisture,45882,15015.764841524406,0.327,OMF (1st INNER LOOP)
2025-10-07 00:00:00,gps,212448,546247.4310151428,2.571,OMF (1st INNER LOOP)
2025-10-07 00:00:00,Jo Global,786467,938748.7719546685,1.194,OMF (1st INNER LOOP)
2025-10-07 00:00:00,surface pressure,111987,18462.21772619027,0.165,OMF (1st INNER LOOP)
2025-10-07 00:00:00,temperature,103514,38978.930383516905,0.377,OMF (2nd INNER LOOP)
2025-10-07 00:00:00,wind,312636,128594.33955238685,0.411,OMF (2nd INNER LOOP)
2025-10-07 00:00:00,moisture,45882,4947.683046869991,0.108,OMF (2nd INNER LOOP)
2025-10-07 00:00:00,gps,212448,297459.6395051247,1.4,OMF (2nd INNER LOOP)
2025-10-07 00:00:00,Jo Global,786467,488442.8102140887,0.621,OMF (2nd INNER LOOP)
2025-10-07 00:00:00,surface pressure,112250,20936.3202731359,0.187,OMF (2nd INNER LOOP)
2025-10-07 00:00:00,temperature,103518,39475.95118596841,0.381,OMF (2nd INNER LOOP)
2025-10-07 00:00:00,wind,312894,130030.73295446465,0.416,OMA (AFTER 1st OUTER LOOP)
2025-10-07 00:00:00,moisture,45882,5003.432411371053,0.109,OMA (AFTER 1st OUTER LOOP)
2025-10-07 00:00:00,gps,218308,336733.28296450776,1.542,OMA (AFTER 1st OUTER LOOP)
2025-10-07 00:00:00,Jo Global,792852,532179.7197894477,0.671,OMA (AFTER 1st OUTER LOOP)
2025-10-07 00:00:00,surface pressure,112250,20936.3202731359,0.187,OMA (AFTER 1st OUTER LOOP)
2025-10-07 00:00:00,temperature,103518,39475.95118596841,0.381,OMA (AFTER 1st OUTER LOOP)
2025-10-07 00:00:00,wind,312894,130030.73295446465,0.416,OMA (AFTER 1st OUTER LOOP)
2025-10-07 00:00:00,moisture,45882,5003.432411371053,0.109,OMA (1st INNER LOOP)
2025-10-07 00:00:00,gps,218308,336733.28296450776,1.542,OMA (1st INNER LOOP)
2025-10-07 00:00:00,Jo Global,792852,532179.7197894477,0.671,OMA (1st INNER LOOP)
2025-10-07 00:00:00,surface pressure,112250,20087.49375134934,0.179,OMA (1st INNER LOOP)
2025-10-07 00:00:00,temperature,103518,39931.06477880041,0.386,OMA (1st INNER LOOP)
2025-10-07 00:00:00,wind,312894,132816.3646548998,0.424,OMA (1st INNER LOOP)
2025-10-07 00:00:00,moisture,45882,4823.875703041199,0.105,OMA (1st INNER LOOP)
2025-10-07 00:00:00,gps,218308,313755.6327622451,1.437,OMA (2nd INNER LOOP)
2025-10-07 00:00:00,Jo Global,792852,511414.43165033584,0.645,OMA (2nd INNER LOOP)
2025-10-07 00:00:00,surface pressure,112213,19895.974648175492,0.177,OMA (2nd INNER LOOP)
2025-10-07 00:00:00,temperature,103520,40057.86360027914,0.387,OMA (2nd INNER LOOP)
2025-10-07 00:00:00,wind,312850,130953.20353160813,0.419,OMA (2nd INNER LOOP)
2025-10-07 00:00:00,moisture,45882,4853.844409686541,0.106,OMA (2nd INNER LOOP)
2025-10-07 00:00:00,gps,219791,324766.0863554993,1.478,OMA (2nd INNER LOOP)
2025-10-07 00:00:00,Jo Global,794256,520526.9725452486,0.655,OMA (AFTER 2nd OUTER LOOP)
